DB505,X2.0;REQ_LEVEL1_HMI
DB505,X2.1;REQ_LEVEL2_HMI
DB505,X2.2;REQ_LEVEL3_HMI
DB505,X2.3;REQ_LEVEL4_HMI
DB505,X2.4;REQ_LEVEL5_HMI
DB505,X2.5;REQ_LEVEL6_HMI
DB505,X2.6;REQ_LEVEL7_HMI
DB505,X2.7;REQ_LEVEL8_HMI
DB505,X3.0;REQ_LEVEL9_HMI
DB505,X3.1;MES_READY
DB505,X3.3;LIFE_BIT
DB505,X3.7;USER_NONE_HMI
DB505,S4.30;USER_NAME_HMI
DB505,S38.30;USER_NAME_IOT
DB505,INT70;USER_LEVEL_IOT
DB505,INT112;Data_StepCiclo
DB505,INT114;Data_StepScarico
DB505,REAL120;PROD_LOT_01
DB505,X124.2;PROD_SNAP
DB505,INT130;PROD_RESUME
DB505,INT132;PROD_TOUT
DB505,INT136;RUN_STATUS
DB505,INT138;ALRM_STATUS
DB505,INT140;PROD_STATUS
DB505,INT142;MES_TYPE
DB50,S238.40;RECIPE_MAC_DESCR
DB500,S48.30;LOT_DESCR
DB500,S80.30;LOT_NEXT_DESCR
DB500,DINT218;JOB_CODE
DB500,S222.40;MES_SET_RECIPE_NAME
DB500,S264.30;MES_SET_LOT_NAME
DB500,S296.30;MES_SET_LOT_NEXT_NAME
DB210,X48.3;Riemp_SelAblFlapLaterali
DB210,X48.4;Riemp_SelAblAgitatori
DB210,INT62;Riemp_Set_tPausaFlapLaterali
DB210,INT64;Riemp_Set_tLavoroFlapLaterali
DB210,REAL74;Riemp_RiempiSet
DB210,REAL78;Riemp_RiempiSetParz_Perc
DB210,REAL86;Riemp_Aspiratore_Set_spd1_riemp
DB210,X118.3;Mix_SelAblFlapLaterali
DB210,INT120;Mix_Mix_Time
DB210,INT132;Mix_Set_tPausaFlapLaterali
DB210,INT134;Mix_Set_tLavoroFlapLaterali
DB210,REAL144;Mix_Aspiratore_Set_spd1_mix
DB210,REAL148;Mix_Aspiratore_Set_spd2_mix
DB210,REAL152;Mix_Aspiratore_Set_spd3_mix
DB210,REAL164;Mix_Set_Temperatura
DB210,REAL168;Mix_Set_Umidità
DB210,DWORD182;Mix_Step_raw_001_Eventi
DB210,BYTE186;Mix_Step_raw_001_PstMin
DB210,BYTE187;Mix_Step_raw_001_PstSec
DB210,DWORD188;Mix_Step_raw_002_Eventi
DB210,BYTE192;Mix_Step_raw_002_PstMin
DB210,BYTE193;Mix_Step_raw_002_PstSec
DB210,DWORD194;Mix_Step_raw_003_Eventi
DB210,BYTE198;Mix_Step_raw_003_PstMin
DB210,BYTE199;Mix_Step_raw_003_PstSec
DB210,DWORD200;Mix_Step_raw_004_Eventi
DB210,BYTE204;Mix_Step_raw_004_PstMin
DB210,BYTE205;Mix_Step_raw_004_PstSec
DB210,DWORD206;Mix_Step_raw_005_Eventi
DB210,BYTE210;Mix_Step_raw_005_PstMin
DB210,BYTE211;Mix_Step_raw_005_PstSec
DB210,DWORD212;Mix_Step_raw_006_Eventi
DB210,BYTE216;Mix_Step_raw_006_PstMin
DB210,BYTE217;Mix_Step_raw_006_PstSec
DB210,DWORD218;Mix_Step_raw_007_Eventi
DB210,BYTE222;Mix_Step_raw_007_PstMin
DB210,BYTE223;Mix_Step_raw_007_PstSec
DB210,DWORD224;Mix_Step_raw_008_Eventi
DB210,BYTE228;Mix_Step_raw_008_PstMin
DB210,BYTE229;Mix_Step_raw_008_PstSec
DB210,DWORD230;Mix_Step_raw_009_Eventi
DB210,BYTE234;Mix_Step_raw_009_PstMin
DB210,BYTE235;Mix_Step_raw_009_PstSec
DB210,DWORD236;Mix_Step_raw_010_Eventi
DB210,BYTE240;Mix_Step_raw_010_PstMin
DB210,BYTE241;Mix_Step_raw_010_PstSec
DB210,X242.3;Scarico_SelAblFlapLaterali
DB210,X242.4;Scarico_SelAblAgitatori
DB210,INT244;Scarico_Start_Scarico_Time
DB210,INT246;Scarico_Scarico_Time
DB210,INT248;Scarico_Fine_Scarico_Time
DB210,INT258;Scarico_Set_tPausaFlapLaterali
DB210,INT260;Scarico_Set_tLavoroFlapLaterali
DB210,INT262;Scarico_Set_tInversFlapScarico
DB210,INT266;Scarico_Set_tInversFlapScaricoPulizia
DB210,REAL294;Scarico_SetPesoPienoBox1
DB210,REAL298;Scarico_SetPesoPienoBox2
DB210,REAL302;Scarico_SetPesoPienoBox3
DB210,REAL306;Scarico_SetPesoPienoBox4
DB210,REAL310;Scarico_SetTollPosPesoBox1
DB210,REAL314;Scarico_SetTollNegPesoBox1
DB210,REAL318;Scarico_SetTollPosPesoBox2
DB210,REAL322;Scarico_SetTollNegPesoBox2
DB210,REAL326;Scarico_SetTollPosPesoBox3
DB210,REAL330;Scarico_SetTollNegPesoBox3
DB210,REAL334;Scarico_SetTollPosPesoBox4
DB210,REAL338;Scarico_SetTollNegPesoBox4
DB210,DINT342;Scarico_SvuotaTuboTimeBox1
DB210,DINT346;Scarico_SvuotaTuboTimeBox2
DB210,DINT350;Scarico_SvuotaTuboTimeBox3
DB210,DINT354;Scarico_SvuotaTuboTimeBox4
DB210,DINT358;Scarico_RitVerificaPesoBox1
DB210,DINT362;Scarico_RitVerificaPesoBox2
DB210,DINT366;Scarico_RitVerificaPesoBox3
DB210,DINT370;Scarico_RitVerificaPesoBox4
DB210,REAL374;Scarico_Aspiratore_Set_Spd_Start
DB210,REAL378;Scarico_Aspiratore_Set_Spd_Scarico
DB98,REAL260;MixPesoNetto
DB98,REAL396;Box1PesoNetto
DB98,REAL532;Box2PesoNetto
DB98,REAL668;Box3PesoNetto
DB98,REAL804;Box4PesoNetto
DB515,REAL46;MixAspiratoreSpdRef
DB99,REAL0;Mix_Temp
DB99,REAL4;Mix_Hum
DB6,X57.3;Status_VuotoBox1
DB6,X57.4;Status_VuotoBox2
DB6,X57.5;Status_VuotoBox3
DB6,X57.6;Status_VuotoBox4
DB6,X57.7;Status_PienoBox1
DB6,X58.0;Status_PienoBox2
DB6,X58.1;Status_PienoBox3
DB6,X58.2;Status_PienoBox4
DB6,X58.3;Status_StopRiempBox1
DB6,X58.4;Status_StopRiempBox2
DB6,X58.5;Status_StopRiempBox3
DB6,X58.6;Status_StopRiempBox4
DB6,X58.7;Status_FuoriTolleranzaBox1
DB6,X59.0;Status_FuoriTolleranzaBox2
DB6,X59.1;Status_FuoriTolleranzaBox3
DB6,X59.2;Status_FuoriTolleranzaBox4
DB505,X144.4;PROD_SNAP_01
DB505,X144.5;PROD_SNAP_02
DB505,X144.6;PROD_SNAP_03
DB505,X144.7;PROD_SNAP_04
DB505,REAL146;DataAux_kgCicloBox1
DB505,REAL150;DataAux_kgCicloBox2
DB505,REAL154;DataAux_kgCicloBox3
DB505,REAL158;DataAux_kgCicloBox4
DB515,REAL124;KgTotProduzione
